¿Cuál fue el monto total de ventas registrado durante el Q1 2017?,"El monto total de ventas fue de $123,144.86$."
¿Qué porcentaje de caída en ventas experimentó el Q1 2017 respecto al trimestre anterior?,Experimentó una caída del $47.8\%$.
¿Cuál fue la ganancia total (Profit) obtenida en el Q1 2017?,"La ganancia total fue de $23,506.20$."
¿Qué trimestre del período analizado presentó el margen de ganancia más alto?,"El Q1 2017, con un margen del $19.1\%$."
¿Cuál fue el número de órdenes únicas procesadas durante el Q1 2017?,Se procesaron $240$ órdenes únicas.
¿A cuánto ascendió el ticket promedio por orden en el Q1 2017?,El ticket promedio fue de $513.10$.
¿Qué categoría de productos lideró las ventas durante el primer trimestre de 2017?,La categoría líder fue Technology.
"Según el informe del Q1, ¿cuál es la causa estacional típica de la caída de ventas a inicios de año?",La desaceleración natural tras el pico de compras de fin de año del Q4.
¿A qué factor se atribuye el alto margen de ganancia del $19.1\%$ en el Q1 2017?,Se explica por un menor nivel de descuentos aplicados en comparación con el cierre del año anterior.
¿Cuál fue el valor de las ventas totales alcanzado en el Q2 2017?,"Las ventas totales alcanzaron los $133,764.37$."
¿En qué porcentaje crecieron las ventas en el Q2 2017 en comparación con el Q1?,Crecieron un $8.6\%$.
¿Cuál fue la ganancia total (Profit) registrada durante el Q2 2017?,"La ganancia total fue de $15,499.21$."
¿Qué valor alcanzó el margen de ganancia en el Q2 2017?,El margen de ganancia fue del $11.6\%$.
El margen de ganancia del Q2 2017 ($11.6\%$) se describe como el _____ de los tres trimestres analizados.,más bajo
¿Cuántas órdenes únicas se registraron en el Q2 2017?,Se registraron $367$ órdenes únicas.
¿A cuánto disminuyó el ticket promedio por orden en el Q2 2017?,Disminuyó a $364.48$.
¿Qué categoría desplazó a Technology como líder en volumen de ventas durante el Q2 2017?,La categoría Office Supplies.
¿Qué acción comercial sugiere el informe para explicar la contracción del margen en el Q2 2017?,Un aumento en los descuentos u ofertas para impulsar el volumen de órdenes.
¿Cómo influyó el cambio de categoría líder a Office Supplies en el ticket promedio del Q2?,Ayudó a reducir el ticket promedio debido al menor valor unitario de estos productos.
¿Cuál fue el monto total de ventas alcanzado en el Q3 2017?,"Las ventas totales fueron de $196,251.96$."
¿Cuál fue el incremento porcentual de las ventas en el Q3 2017 respecto al Q2?,El incremento fue del $46.7\%$.
¿Cuál fue la ganancia total (Profit) recuperada en el Q3 2017?,"La ganancia total fue de $26,985.13$."
¿Qué margen de ganancia se registró durante el Q3 2017?,Se registró un margen del $13.8\%$.
¿Cuántas órdenes únicas se alcanzaron en el Q3 2017?,Se alcanzaron $448$ órdenes.
¿Cuál fue el ticket promedio por orden durante el Q3 2017?,El ticket promedio fue de $438.06$.
¿Qué categoría de productos mantuvo el liderazgo en ventas en el Q3 2017?,La categoría Office Supplies.
Mencione uno de los dos eventos estacionales que impulsaron la demanda en el Q3 2017.,El regreso a clases o la preparación de fin de año.
¿A qué se atribuye la recuperación parcial del margen en el Q3 ($13.8\%$) frente al Q2?,A una normalización de los descuentos tras la campaña de impulso de volumen previa.
Comparación: ¿Qué trimestre tuvo el mayor volumen de órdenes únicas?,"El Q3 2017, con $448$ órdenes."
Comparación: ¿Qué trimestre registró el mayor monto de ventas totales?,"El Q3 2017, con $196,251.96$."
Comparación: ¿En qué trimestre se observó el ticket promedio más bajo?,"En el Q2 2017, con un valor de $364.48$."
¿Cuál es la relación entre el volumen de órdenes y el margen observado en el Q2 2017?,El volumen creció a $367$ órdenes a costa de una compresión del margen al $11.6\%$.
"En el contexto de retail analizado, el Q1 suele mostrar una _____ natural tras el Q4.",desaceleración
¿Qué categoría dominaba las ventas cuando el ticket promedio era el más alto ($513.10$)?,La categoría Technology.
Concepto: Variación de ventas Q3 vs Q2,Valor: $+46.7\%$.
Concepto: Variación de ventas Q2 vs Q1,Valor: $+8.6\%$.
Concepto: Variación de ventas Q1 vs Q4 anterior,Valor: $-47.8\%$.
¿En qué trimestre se registró la ganancia total (Profit) más baja del período?,"En el Q2 2017, con $15,499.21$."
¿Cómo se describe la tendencia del ticket promedio entre el Q2 ($364.48$) y el Q3 ($438.06$)?,Se observa un crecimiento o recuperación del ticket promedio.
La categoría _____ lideró las ventas en los trimestres Q2 y Q3 del 2017.,Office Supplies
¿Cuál fue el margen de ganancia en el trimestre que registró el mayor crecimiento porcentual de ventas?,El margen fue del $13.8\%$ (correspondiente al Q3).
¿Qué efecto tuvieron los descuentos en el número de órdenes del Q2?,Impulsaron el crecimiento del volumen de órdenes hasta $367$.
¿Cuál fue la ganancia total en el trimestre con el ticket promedio más alto?,"La ganancia fue de $23,506.20$ (correspondiente al Q1)."
¿Qué periodo del año suele concentrar las compras de fin de año según el informe?,El Q4 (cuarto trimestre).
El informe Q3 atribuye el repunte de ventas a un patrón estacional que incluye el segundo _____ del año.,semestre
Métrica: Órdenes únicas en Q1.,$240$ órdenes.
Métrica: Margen de ganancia en Q3.,$13.8\%$.
Métrica: Ticket promedio en Q1.,$513.10$.
¿Qué ocurrió con la categoría Technology en el Q2 2017?,Fue desplazada por Office Supplies como la categoría con mayor volumen de venta.
¿Cuál es la ganancia total acumulada mencionada para el trimestre con menor margen?,"La ganancia total fue de $15,499.21$ (en el Q2)."
La normalización de descuentos en Q3 resultó en una _____ parcial del margen.,recuperación
¿Qué relación existe entre Office Supplies y el valor unitario de los productos según el informe?,Office Supplies tiene un menor valor unitario en comparación con otras categorías como Technology.
¿Qué trimestre mostró el mayor crecimiento absoluto en la ganancia total respecto al anterior?,"El Q3 2017 (pasó de $15,499.21$ a $26,985.13$)."
¿Qué porcentaje representa el margen más bajo del año 2017 hasta el Q3?,El $11.6\%$.
"En el Q1, a pesar de la menor facturación, se registró el _____ más alto.",margen de ganancia